node_id,degree,name,kind,longitude,latitude,terrain_elevation_m,terrain_source,radome_height_agl_m,target_altitude_m,coverage_radius_km,nearby_city_count,radius_status
airport:-46.56461878:-21.83849708,7,Aeroporto Embaixador Walther Moreira Salles,airport,-46.56461878307286,-21.838497081484235,1254.0,Mapzen Terrain Tiles terrarium z8,15.0,3000.0,372.618,907,geometric_upper_bound_topographic_occlusion_pending
capital:3106200,4,Belo Horizonte,capital,-43.9514005979999,-19.8910530989999,855.0,Mapzen Terrain Tiles terrarium z8,15.0,3000.0,347.36,773,geometric_upper_bound_topographic_occlusion_pending
airport:-47.77658183:-21.13915194,2,Aeroporto Leite Lopes,airport,-47.77658183173642,-21.13915193505769,554.0,Mapzen Terrain Tiles terrarium z8,15.0,3000.0,324.103,753,geometric_upper_bound_topographic_occlusion_pending
airport:-43.95541274:-19.85154096,3,Aeroporto Pampulha Carlos Drummond de Andrade,airport,-43.955412743176986,-19.851540962803416,788.0,Mapzen Terrain Tiles terrarium z8,15.0,3000.0,342.585,749,geometric_upper_bound_topographic_occlusion_pending
airport:-50.27936150:-27.78183582,2,Aeroporto Federal Antônio Correia Pinto de Macedo,airport,-50.27936149586206,-27.78183582354362,930.0,Mapzen Terrain Tiles terrarium z8,15.0,3000.0,352.493,742,geometric_upper_bound_topographic_occlusion_pending
airport:-43.96448131:-19.63081660,3,Aeroporto Internacional Tancredo Neves,airport,-43.96448131353005,-19.630816597746694,830.0,Mapzen Terrain Tiles terrarium z8,15.0,3000.0,345.601,733,geometric_upper_bound_topographic_occlusion_pending
airport:-47.14423312:-23.00694470,6,Aeroporto Internacional de Viracopos,airport,-47.144233118657596,-23.00694470462168,662.0,Mapzen Terrain Tiles terrarium z8,15.0,3000.0,333.03,682,geometric_upper_bound_topographic_occlusion_pending
airport:-47.10763729:-22.86125055,6,Aeroporto Estadual de Campinas - Amarais,airport,-47.10763728730773,-22.861250549915823,612.0,Mapzen Terrain Tiles terrarium z8,15.0,3000.0,328.993,679,geometric_upper_bound_topographic_occlusion_pending
airport:-51.18689425:-29.19487929,2,Aeroporto Regional Hugo Cantergiani,airport,-51.18689424881523,-29.194879289812224,748.0,Mapzen Terrain Tiles terrarium z8,15.0,3000.0,339.638,678,geometric_upper_bound_topographic_occlusion_pending
airport:-46.94203887:-23.18029217,6,Aeroporto Estadual de Jundiaí,airport,-46.94203887434518,-23.180292170076402,725.0,Mapzen Terrain Tiles terrarium z8,15.0,3000.0,337.909,662,geometric_upper_bound_topographic_occlusion_pending
airport:-51.49054053:-23.35615536,2,Aeroporto Arapongas,airport,-51.49054052596232,-23.35615535752047,795.0,Mapzen Terrain Tiles terrarium z8,15.0,3000.0,343.093,660,geometric_upper_bound_topographic_occlusion_pending
airport:-43.28002149:-21.78088244,5,Aeroporto Doutor Saulo Vilela,airport,-43.280021489198745,-21.780882439734036,664.0,Mapzen Terrain Tiles terrarium z8,15.0,3000.0,333.188,651,geometric_upper_bound_topographic_occlusion_pending
airport:-42.18289619:-20.26392624,6,Aeroporto Elias Breder,airport,-42.182896190329096,-20.263926237380137,812.0,Mapzen Terrain Tiles terrarium z8,15.0,3000.0,344.317,649,geometric_upper_bound_topographic_occlusion_pending
airport:-53.06680597:-26.05916133,3,Aeroporto Paulo Abdala- Francisco Beltrão,airport,-53.0668059730785,-26.0591613304212,645.0,Mapzen Terrain Tiles terrarium z8,15.0,3000.0,331.674,642,geometric_upper_bound_topographic_occlusion_pending
airport:-48.59714745:-20.58249530,1,Aeroporto Chafei Amsei,airport,-48.59714745235475,-20.58249530266522,578.0,Mapzen Terrain Tiles terrarium z8,15.0,3000.0,326.156,639,geometric_upper_bound_topographic_occlusion_pending
airport:-51.13785446:-23.32858557,2,Aeroporto Governador José Richa,airport,-51.13785445571516,-23.32858557155968,571.0,Mapzen Terrain Tiles terrarium z8,15.0,3000.0,325.561,625,geometric_upper_bound_topographic_occlusion_pending
capital:3550308,6,São Paulo,capital,-46.648144513999895,-23.5646324149999,835.0,Mapzen Terrain Tiles terrarium z8,15.0,3000.0,345.955,614,geometric_upper_bound_topographic_occlusion_pending
capital:4106902,2,Curitiba,capital,-49.2647573579999,-25.4595973749999,919.0,Mapzen Terrain Tiles terrarium z8,15.0,3000.0,351.753,604,geometric_upper_bound_topographic_occlusion_pending
airport:-46.65946677:-23.62616514,6,Aeroporto de Congonhas,airport,-46.65946676941492,-23.626165137091487,787.0,Mapzen Terrain Tiles terrarium z8,15.0,3000.0,342.512,596,geometric_upper_bound_topographic_occlusion_pending
airport:-46.48162768:-23.42600608,6,Aeroporto Internacional  Governador André Franco Montoro,airport,-46.4816276762653,-23.426006084935736,748.0,Mapzen Terrain Tiles terrarium z8,15.0,3000.0,339.638,594,geometric_upper_bound_topographic_occlusion_pending
airport:-49.17317396:-25.53622755,2,Aeroporto Internacional Afonso Pena,airport,-49.17317396034981,-25.53622754579818,913.0,Mapzen Terrain Tiles terrarium z8,15.0,3000.0,351.348,584,geometric_upper_bound_topographic_occlusion_pending
airport:-53.50350243:-25.00198143,3,Aeroporto Adalberto Mendes da Silva ,airport,-53.50350243126815,-25.001981426314174,734.0,Mapzen Terrain Tiles terrarium z8,15.0,3000.0,338.589,573,geometric_upper_bound_topographic_occlusion_pending
airport:-52.01211592:-23.47971250,2,Aeroporto Regional de Maringá - Silvio Name Júnior,airport,-52.01211592226381,-23.47971250112527,547.0,Mapzen Terrain Tiles terrarium z8,15.0,3000.0,323.497,550,geometric_upper_bound_topographic_occlusion_pending
airport:-50.42585922:-21.13775257,0,Aeroporto Estadual Dario Guarita,airport,-50.42585921914252,-21.137752570693785,410.0,Mapzen Terrain Tiles terrarium z8,15.0,3000.0,310.755,546,geometric_upper_bound_topographic_occlusion_pending
airport:-53.69626541:-24.68503489,3,Aeroporto Luís Dal Canalle Filho,airport,-53.6962654117052,-24.68503489374331,556.0,Mapzen Terrain Tiles terrarium z8,15.0,3000.0,324.276,459,geometric_upper_bound_topographic_occlusion_pending
airport:-38.61847754:-6.88084982,1,Aeroporto de Cajazeiras,airport,-38.61847754343169,-6.880849816443079,335.0,Mapzen Terrain Tiles terrarium z8,15.0,3000.0,302.894,456,geometric_upper_bound_topographic_occlusion_pending
airport:-41.98677122:-18.89705729,1,Aeroporto Coronel Altino Machado,airport,-41.9867712196507,-18.89705729121592,170.0,Mapzen Terrain Tiles terrarium z8,15.0,3000.0,281.844,448,geometric_upper_bound_topographic_occlusion_pending
airport:-46.49236898:-18.67073444,1,Aeroporto Pedro Pereira dos Santos,airport,-46.49236897645827,-18.6707344363763,855.0,Mapzen Terrain Tiles terrarium z8,15.0,3000.0,347.36,440,geometric_upper_bound_topographic_occlusion_pending
airport:-36.63013335:-9.77604832,2,Aerpoporto de Arapiraca,airport,-36.63013334557967,-9.776048323958713,256.0,Mapzen Terrain Tiles terrarium z8,15.0,3000.0,293.635,416,geometric_upper_bound_topographic_occlusion_pending
airport:-39.27224470:-7.21517467,1,Aeroporto Orlando Bezerra de Menezes,airport,-39.27224470033127,-7.215174674412705,405.0,Mapzen Terrain Tiles terrarium z8,15.0,3000.0,310.254,413,geometric_upper_bound_topographic_occlusion_pending
airport:-53.69353462:-29.70926196,0,Aeroporto de Santa Maria,airport,-53.69353461994754,-29.709261960694743,89.0,Mapzen Terrain Tiles terrarium z8,15.0,3000.0,267.816,405,geometric_upper_bound_topographic_occlusion_pending
airport:-34.94885449:-7.14610637,1,Aeroporto Internacional Presidente Castro Pinto,airport,-34.94885448597934,-7.146106374970416,65.0,Mapzen Terrain Tiles terrarium z8,15.0,3000.0,262.648,387,geometric_upper_bound_topographic_occlusion_pending
airport:-35.79249635:-9.51426110,2,Aeroporto Internacional  Zumbi dos Palmares,airport,-35.79249635056293,-9.514261099010977,117.0,Mapzen Terrain Tiles terrarium z8,15.0,3000.0,273.137,376,geometric_upper_bound_topographic_occlusion_pending
airport:-47.90107399:-18.21988768,5,Aeroporto de Catalão João Netto de Campos,airport,-47.901073985625466,-18.2198876750821,807.0,Mapzen Terrain Tiles terrarium z8,15.0,3000.0,343.959,375,geometric_upper_bound_topographic_occlusion_pending
capital:2507507,1,João Pessoa,capital,-34.861604562,-7.12860940599995,44.0,Mapzen Terrain Tiles terrarium z8,15.0,3000.0,257.441,361,geometric_upper_bound_topographic_occlusion_pending
airport:-41.18884925:-20.83619535,1,Aeroporto Cachoeiro de Itapemirim,airport,-41.18884925493469,-20.836195347000675,67.0,Mapzen Terrain Tiles terrarium z8,15.0,3000.0,263.106,352,geometric_upper_bound_topographic_occlusion_pending
airport:-34.91821701:-8.13141810,1,Aeroporto Internacional  Guararapes Gilberto Freyre,airport,-34.918217013510876,-8.131418097100651,14.0,Mapzen Terrain Tiles terrarium z8,15.0,3000.0,247.978,351,geometric_upper_bound_topographic_occlusion_pending
airport:-54.48857718:-25.59779817,3,Aeroporto Internacional Cataratas,airport,-54.48857717676876,-25.597798173483206,229.0,Mapzen Terrain Tiles terrarium z8,15.0,3000.0,290.166,344,geometric_upper_bound_topographic_occlusion_pending
capital:2611606,1,Recife,capital,-34.879125316999904,-8.04263950999996,5.0,Mapzen Terrain Tiles terrarium z8,15.0,3000.0,244.214,343,geometric_upper_bound_topographic_occlusion_pending
airport:-40.86231929:-14.86659965,1,Aeroporto Vitória da Conquista,airport,-40.862319289616686,-14.866599653550905,912.0,Mapzen Terrain Tiles terrarium z8,15.0,3000.0,351.28,339,geometric_upper_bound_topographic_occlusion_pending
airport:-35.37259406:-5.76335589,2,Aeroporto Governador Aluizio Alves,airport,-35.37259405904507,-5.7633558929649,84.0,Mapzen Terrain Tiles terrarium z8,15.0,3000.0,266.793,332,geometric_upper_bound_topographic_occlusion_pending
airport:-37.36185316:-5.19268170,0,Aeroporto Dix-Sept Rosado,airport,-37.361853161612125,-5.192681696359212,26.0,Mapzen Terrain Tiles terrarium z8,15.0,3000.0,252.174,330,geometric_upper_bound_topographic_occlusion_pending
capital:2704302,2,Maceió,capital,-35.7150518679999,-9.640481850999949,52.0,Mapzen Terrain Tiles terrarium z8,15.0,3000.0,259.52,327,geometric_upper_bound_topographic_occlusion_pending
airport:-35.24470807:-5.90500083,2,Aeroporto Internacional Augusto Severo,airport,-35.24470807426003,-5.905000834765656,49.0,Mapzen Terrain Tiles terrarium z8,15.0,3000.0,258.756,323,geometric_upper_bound_topographic_occlusion_pending
airport:-48.61473627:-17.72539851,6,Aeroporto Nelson Rodrigues Guimarães,airport,-48.61473627190176,-17.725398507529952,709.0,Mapzen Terrain Tiles terrarium z8,15.0,3000.0,336.69,311,geometric_upper_bound_topographic_occlusion_pending
capital:4314902,1,Porto Alegre,capital,-51.2270350100187,-30.037857612131,11.0,Mapzen Terrain Tiles terrarium z8,15.0,3000.0,246.798,310,geometric_upper_bound_topographic_occlusion_pending
capital:2408102,2,Natal,capital,-35.2227804579999,-5.83396545499994,40.0,Mapzen Terrain Tiles terrarium z8,15.0,3000.0,256.349,308,geometric_upper_bound_topographic_occlusion_pending
airport:-43.24567932:-22.81383537,3,Aeroporto Internacional  Antonio Carlos Jobim - Galeão,airport,-43.24567932093077,-22.813835369728046,15.0,Mapzen Terrain Tiles terrarium z8,15.0,3000.0,248.357,302,geometric_upper_bound_topographic_occlusion_pending
airport:-43.81973882:-16.70500239,0,Aeroporto Mário Ribeiro,airport,-43.81973882334952,-16.705002390924342,665.0,Mapzen Terrain Tiles terrarium z8,15.0,3000.0,333.267,297,geometric_upper_bound_topographic_occlusion_pending
airport:-41.27414512:-12.48636421,0,Aeroporto Horácio de Mattos,airport,-41.2741451189505,-12.486364214743256,487.0,Mapzen Terrain Tiles terrarium z8,15.0,3000.0,318.133,295,geometric_upper_bound_topographic_occlusion_pending
airport:-47.83989795:-24.53024922,0,Aeroporto Estadual de Registro,airport,-47.839897951966286,-24.530249215735896,29.0,Mapzen Terrain Tiles terrarium z8,15.0,3000.0,253.122,294,geometric_upper_bound_topographic_occlusion_pending
airport:-50.95841378:-17.83680487,1,Aeroporto General Leite de Castro,airport,-50.95841377568476,-17.836804865238165,757.0,Mapzen Terrain Tiles terrarium z8,15.0,3000.0,340.308,288,geometric_upper_bound_topographic_occlusion_pending
airport:-48.92682574:-16.35968949,7,Aeroporto Anápolis,airport,-48.92682574407971,-16.35968948953338,1112.0,Mapzen Terrain Tiles terrarium z8,15.0,3000.0,364.158,282,geometric_upper_bound_topographic_occlusion_pending
airport:-47.92067784:-15.86963786,6,Aeroporto Internacional Presidente Juscelino Kubitscheck,airport,-47.92067784288845,-15.869637856170106,1061.0,Mapzen Terrain Tiles terrarium z8,15.0,3000.0,360.991,278,geometric_upper_bound_topographic_occlusion_pending
capital:5300108,6,Brasília,capital,-47.880611965,-15.783689652,1077.0,Mapzen Terrain Tiles terrarium z8,15.0,3000.0,361.993,277,geometric_upper_bound_topographic_occlusion_pending
capital:3304557,3,Rio de Janeiro,capital,-43.1947250599999,-22.9124689469999,11.0,Mapzen Terrain Tiles terrarium z8,15.0,3000.0,246.798,277,geometric_upper_bound_topographic_occlusion_pending
airport:-43.16667257:-22.91225115,3,Aeroporto Santos Dumont,airport,-43.166672568592276,-22.91225115301383,10.0,Mapzen Terrain Tiles terrarium z8,15.0,3000.0,246.39,267,geometric_upper_bound_topographic_occlusion_pending
capital:5208707,7,Goiânia,capital,-49.263088282999895,-16.697998324,815.0,Mapzen Terrain Tiles terrarium z8,15.0,3000.0,344.532,261,geometric_upper_bound_topographic_occlusion_pending
airport:-49.21437663:-16.62939681,6,Aeroporto Santa Genoveva,airport,-49.214376633506134,-16.629396810110368,753.0,Mapzen Terrain Tiles terrarium z8,15.0,3000.0,340.011,257,geometric_upper_bound_topographic_occlusion_pending
capital:2800308,1,Aracaju,capital,-37.063495106999895,-10.924874906999898,12.0,Mapzen Terrain Tiles terrarium z8,15.0,3000.0,247.199,249,geometric_upper_bound_topographic_occlusion_pending
airport:-40.56604409:-9.36651397,0,Aeroporto de Petrolina Senador Nilo Coelho,airport,-40.56604408836831,-9.366513969707185,387.0,Mapzen Terrain Tiles terrarium z8,15.0,3000.0,308.424,247,geometric_upper_bound_topographic_occlusion_pending
airport:-41.76319373:-22.34129020,0,Aeroporto Macaé,airport,-41.763193734941225,-22.34129020376968,6.0,Mapzen Terrain Tiles terrarium z8,15.0,3000.0,244.67,244,geometric_upper_bound_topographic_occlusion_pending
airport:-37.07228063:-10.98698235,1,Aeroporto Santa Maria,airport,-37.07228063300868,-10.986982353128305,9.0,Mapzen Terrain Tiles terrarium z8,15.0,3000.0,245.974,241,geometric_upper_bound_topographic_occlusion_pending
airport:-42.74905491:-14.20894205,1,Aeroporto Guanambi,airport,-42.74905490579728,-14.208942052714082,551.0,Mapzen Terrain Tiles terrarium z8,15.0,3000.0,323.844,235,geometric_upper_bound_topographic_occlusion_pending
capital:4205407,2,Florianópolis,capital,-48.54047245434407,-27.59953708566037,129.0,Mapzen Terrain Tiles terrarium z8,15.0,3000.0,275.243,234,geometric_upper_bound_topographic_occlusion_pending
capital:2211001,1,Teresina,capital,-42.796507434,-5.09649988199993,91.0,Mapzen Terrain Tiles terrarium z8,15.0,3000.0,268.218,230,geometric_upper_bound_topographic_occlusion_pending
airport:-48.80186049:-26.22413927,2,Aeroporto Lauro Carneiro de Loyola,airport,-48.801860488186804,-26.22413926742278,5.0,Mapzen Terrain Tiles terrarium z8,15.0,3000.0,244.214,223,geometric_upper_bound_topographic_occlusion_pending
airport:-46.92746601:-16.35208001,3,Aeroporto Municipal de Unaí,airport,-46.927466011228745,-16.35208001055938,612.0,Mapzen Terrain Tiles terrarium z8,15.0,3000.0,328.993,221,geometric_upper_bound_topographic_occlusion_pending
airport:-42.82068411:-5.06407094,1,Aeroporto de Teresina Senador Petrônio Portela,airport,-42.82068411118768,-5.064070944685461,66.0,Mapzen Terrain Tiles terrarium z8,15.0,3000.0,262.877,219,geometric_upper_bound_topographic_occlusion_pending
airport:-48.64876141:-26.88036634,0,Aeroporto Internacional Navegantes Ministro Victor Konder,airport,-48.64876141280077,-26.88036633953073,5.0,Mapzen Terrain Tiles terrarium z8,15.0,3000.0,244.214,208,geometric_upper_bound_topographic_occlusion_pending
airport:-38.99141142:-13.30280900,0,Aeroporto Valença,airport,-38.99141141679912,-13.302808998531418,5.0,Mapzen Terrain Tiles terrarium z8,15.0,3000.0,244.214,202,geometric_upper_bound_topographic_occlusion_pending
capital:2927408,1,Salvador,capital,-38.501083216,-12.971772034,35.0,Mapzen Terrain Tiles terrarium z8,15.0,3000.0,254.927,197,geometric_upper_bound_topographic_occlusion_pending
capital:3205309,1,Vitória,capital,-40.3110957679999,-20.315487077999897,1.0,Mapzen Terrain Tiles terrarium z8,15.0,3000.0,242.268,192,geometric_upper_bound_topographic_occlusion_pending
airport:-48.54550369:-27.67399285,1,Aeroporto Internacional Hercílio Luz,airport,-48.545503691399055,-27.67399284599952,6.0,Mapzen Terrain Tiles terrarium z8,15.0,3000.0,244.67,191,geometric_upper_bound_topographic_occlusion_pending
airport:-40.06960130:-19.35760641,0,Aeroporto Municipal de Linhares,airport,-40.06960130105029,-19.357606411746996,37.0,Mapzen Terrain Tiles terrarium z8,15.0,3000.0,255.504,190,geometric_upper_bound_topographic_occlusion_pending
airport:-40.28219371:-20.26557422,1,Aeroporto Eurico de Aguiar Salles,airport,-40.282193714775005,-20.26557422257857,1.0,Mapzen Terrain Tiles terrarium z8,15.0,3000.0,242.268,189,geometric_upper_bound_topographic_occlusion_pending
airport:-38.33481328:-12.91435422,1,Aeroporto Internacional Deputado Luís Eduardo Magalhães,airport,-38.334813283809474,-12.914354217035115,12.0,Mapzen Terrain Tiles terrarium z8,15.0,3000.0,247.199,185,geometric_upper_bound_topographic_occlusion_pending
airport:-42.07750394:-22.92523880,0,Aeroporto  Cabo Frio,airport,-42.07750393822237,-22.92523879678355,6.0,Mapzen Terrain Tiles terrarium z8,15.0,3000.0,244.67,181,geometric_upper_bound_topographic_occlusion_pending
airport:-44.23628957:-2.58350807,1,Aeroporto Internacional Marechal Cunha Machado,airport,-44.236289570937664,-2.583508071462564,40.0,Mapzen Terrain Tiles terrarium z8,15.0,3000.0,256.349,145,geometric_upper_bound_topographic_occlusion_pending
capital:2111300,1,São Luís,capital,-44.21098739,-2.54210241399994,38.0,Mapzen Terrain Tiles terrarium z8,15.0,3000.0,255.788,143,geometric_upper_bound_topographic_occlusion_pending
airport:-39.03184713:-14.81409574,0,Aeroporto Jorge Amado,airport,-39.03184712652405,-14.814095735725314,7.0,Mapzen Terrain Tiles terrarium z8,15.0,3000.0,245.114,143,geometric_upper_bound_topographic_occlusion_pending
airport:-39.66911061:-17.52297940,0,Aeroporto Teixeira Freitas,airport,-39.66911061241935,-17.522979395459714,85.0,Mapzen Terrain Tiles terrarium z8,15.0,3000.0,266.999,143,geometric_upper_bound_topographic_occlusion_pending
airport:-38.54049413:-3.77838595,2,Aeroporto Internacional Pinto Martins,airport,-38.540494126450064,-3.77838595046257,23.0,Mapzen Terrain Tiles terrarium z8,15.0,3000.0,251.19,133,geometric_upper_bound_topographic_occlusion_pending
airport:-38.53339162:-3.77634502,2,Aeroporto Internacional Pinto Martins,airport,-38.53339162251987,-3.776345016458535,19.0,Mapzen Terrain Tiles terrarium z8,15.0,3000.0,249.815,130,geometric_upper_bound_topographic_occlusion_pending
airport:-48.24350686:-7.23069115,0,Aeroporto de Araguaína,airport,-48.24350685735499,-7.230691145432528,235.0,Mapzen Terrain Tiles terrarium z8,15.0,3000.0,290.953,130,geometric_upper_bound_topographic_occlusion_pending
airport:-40.34824143:-2.90465283,0,Aeroporto de Jericoacoara,airport,-40.348241434664395,-2.90465283229252,26.0,Mapzen Terrain Tiles terrarium z8,15.0,3000.0,252.174,129,geometric_upper_bound_topographic_occlusion_pending
capital:2304400,2,Fortaleza,capital,-38.52522151593698,-3.722856534745978,26.0,Mapzen Terrain Tiles terrarium z8,15.0,3000.0,252.174,128,geometric_upper_bound_topographic_occlusion_pending
airport:-45.00002297:-12.07907000,0,Aeroporto Barreiras,airport,-45.000022968787576,-12.079069999280026,747.0,Mapzen Terrain Tiles terrarium z8,15.0,3000.0,339.564,124,geometric_upper_bound_topographic_occlusion_pending
airport:-42.80570775:-2.76008382,0,Aeródromo de Barreirinhas,airport,-42.80570775298327,-2.760083815558231,10.0,Mapzen Terrain Tiles terrarium z8,15.0,3000.0,246.39,120,geometric_upper_bound_topographic_occlusion_pending
airport:-41.72978929:-2.89485620,0,Aeroporto Internacional de Parnáiba  Prefeito Doutor João Silva Filho,airport,-41.72978929219793,-2.89485620328918,4.0,Mapzen Terrain Tiles terrarium z8,15.0,3000.0,243.748,119,geometric_upper_bound_topographic_occlusion_pending
airport:-54.11265076:-31.38803140,0,Aeroporto Comandante Gustavo Kraemer,airport,-54.11265076386022,-31.388031401923264,184.0,Mapzen Terrain Tiles terrarium z8,15.0,3000.0,283.927,114,geometric_upper_bound_topographic_occlusion_pending
airport:-39.08195234:-16.44071947,0,Aeroporto Porto Seguro,airport,-39.081952337082,-16.44071947338993,50.0,Mapzen Terrain Tiles terrarium z8,15.0,3000.0,259.012,110,geometric_upper_bound_topographic_occlusion_pending
airport:-47.45614366:-5.53182103,0,Aeroporto Prefeito Renato Moreira,airport,-47.45614366276173,-5.531821027147499,131.0,Mapzen Terrain Tiles terrarium z8,15.0,3000.0,275.585,104,geometric_upper_bound_topographic_occlusion_pending
capital:1721000,1,Palmas,capital,-48.324708728,-10.1939013589999,265.0,Mapzen Terrain Tiles terrarium z8,15.0,3000.0,294.753,97,geometric_upper_bound_topographic_occlusion_pending
airport:-52.33056762:-31.71593137,0,Aeroporto de Pelotas,airport,-52.33056761946964,-31.715931370282135,18.0,Mapzen Terrain Tiles terrarium z8,15.0,3000.0,249.459,96,geometric_upper_bound_topographic_occlusion_pending
airport:-48.35803836:-10.29547480,1,Aeroporto Brigadeiro Lysias Rodrigues,airport,-48.35803836328246,-10.2954747989671,229.0,Mapzen Terrain Tiles terrarium z8,15.0,3000.0,290.166,92,geometric_upper_bound_topographic_occlusion_pending
capital:5002704,1,Campo Grande,capital,-54.61854011,-20.4685544869999,525.0,Mapzen Terrain Tiles terrarium z8,15.0,3000.0,321.565,82,geometric_upper_bound_topographic_occlusion_pending
airport:-54.66937366:-20.45758420,1,Aeroporto Internacional de Campo Grande,airport,-54.669373660925615,-20.457584203585792,555.0,Mapzen Terrain Tiles terrarium z8,15.0,3000.0,324.19,81,geometric_upper_bound_topographic_occlusion_pending
capital:1501402,1,Belém,capital,-48.5044302009999,-1.45635618399996,7.0,Mapzen Terrain Tiles terrarium z8,15.0,3000.0,245.114,72,geometric_upper_bound_topographic_occlusion_pending
airport:-48.47960034:-1.38975786,1,Aeroporto Internacional  Val de Cans,airport,-48.479600343723504,-1.38975785929759,6.0,Mapzen Terrain Tiles terrarium z8,15.0,3000.0,244.67,72,geometric_upper_bound_topographic_occlusion_pending
capital:5103403,1,Cuiabá,capital,-56.0978564219999,-15.6006662149999,177.0,Mapzen Terrain Tiles terrarium z8,15.0,3000.0,282.895,57,geometric_upper_bound_topographic_occlusion_pending
airport:-56.12028565:-15.65102436,1,Aeroporto Internacional Marechal Rondon,airport,-56.12028565108113,-15.651024358921442,186.0,Mapzen Terrain Tiles terrarium z8,15.0,3000.0,284.218,56,geometric_upper_bound_topographic_occlusion_pending
airport:-60.10295473:-12.69312009,0,Aeroporto Vilhena,airport,-60.1029547333863,-12.693120093064506,612.0,Mapzen Terrain Tiles terrarium z8,15.0,3000.0,328.993,48,geometric_upper_bound_topographic_occlusion_pending
airport:-61.18048610:-11.64425103,1,Aeroporto Pimenta Bueno ,airport,-61.18048610360694,-11.64425103099459,202.0,Mapzen Terrain Tiles terrarium z8,15.0,3000.0,286.5,47,geometric_upper_bound_topographic_occlusion_pending
airport:-61.85015884:-10.87646860,1,Aeroporto Ji-Paraná ,airport,-61.85015884202568,-10.876468596048147,175.0,Mapzen Terrain Tiles terrarium z8,15.0,3000.0,282.597,46,geometric_upper_bound_topographic_occlusion_pending
airport:-56.45021228:-21.24359165,0,Aeroporto Bonito,airport,-56.45021227611688,-21.243591646053638,329.0,Mapzen Terrain Tiles terrarium z8,15.0,3000.0,302.23,45,geometric_upper_bound_topographic_occlusion_pending
airport:-56.10515258:-9.87233596,0,Aeroporto Piloto Osvaldo Marques Dias,airport,-56.105152577490266,-9.87233595606331,286.0,Mapzen Terrain Tiles terrarium z8,15.0,3000.0,297.292,30,geometric_upper_bound_topographic_occlusion_pending
airport:-57.03565402:-29.78394923,0,Aeroporto Rubem Berta,airport,-57.03565401869715,-29.78394922614632,75.0,Mapzen Terrain Tiles terrarium z8,15.0,3000.0,264.884,28,geometric_upper_bound_topographic_occlusion_pending
capital:1600303,1,Macapá,capital,-51.066448717999904,0.03865462300007,10.0,Mapzen Terrain Tiles terrarium z8,15.0,3000.0,246.39,25,geometric_upper_bound_topographic_occlusion_pending
airport:-51.06725027:0.04996988,1,Aeroporto Alberto Alcolumbre,airport,-51.06725027107295,0.049969877441988,17.0,Mapzen Terrain Tiles terrarium z8,15.0,3000.0,249.098,25,geometric_upper_bound_topographic_occlusion_pending
airport:-60.04493225:-3.03171866,1,Aeroporto internacional Eduardo Gomes,airport,-60.04493225216448,-3.031718663826841,69.0,Mapzen Terrain Tiles terrarium z8,15.0,3000.0,263.558,25,geometric_upper_bound_topographic_occlusion_pending
capital:1302603,1,Manaus,capital,-60.0255074129999,-3.10236266499993,30.0,Mapzen Terrain Tiles terrarium z8,15.0,3000.0,253.431,23,geometric_upper_bound_topographic_occlusion_pending
capital:1100205,1,Porto Velho,capital,-63.8314456543611,-8.76889179,88.0,Mapzen Terrain Tiles terrarium z8,15.0,3000.0,267.613,21,geometric_upper_bound_topographic_occlusion_pending
airport:-54.78636188:-2.42477604,0,Aeroporto Internacional Maestro Wilson Fonseca,airport,-54.78636187746423,-2.424776038313524,59.0,Mapzen Terrain Tiles terrarium z8,15.0,3000.0,261.238,21,geometric_upper_bound_topographic_occlusion_pending
airport:-63.89843237:-8.71439573,1,Aeroporto Internacional Governador Jorge Texeira de Oliveira,airport,-63.89843237495105,-8.714395734548706,88.0,Mapzen Terrain Tiles terrarium z8,15.0,3000.0,267.613,20,geometric_upper_bound_topographic_occlusion_pending
capital:1200401,2,Rio Branco,capital,-67.7903522567552,-10.0097268232308,140.0,Mapzen Terrain Tiles terrarium z8,15.0,3000.0,277.097,16,geometric_upper_bound_topographic_occlusion_pending
airport:-68.48579952:-10.66575766,2,Aeroporto Xapuri ,airport,-68.4857995248337,-10.665757659894608,183.0,Mapzen Terrain Tiles terrarium z8,15.0,3000.0,283.78,15,geometric_upper_bound_topographic_occlusion_pending
airport:-67.89715245:-9.86656688,2,Aeroporto Plácido de Castro,airport,-67.8971524494631,-9.866566882022735,186.0,Mapzen Terrain Tiles terrarium z8,15.0,3000.0,284.218,15,geometric_upper_bound_topographic_occlusion_pending
capital:1400100,1,Boa Vista,capital,-60.673511017,2.81967043300006,84.0,Mapzen Terrain Tiles terrarium z8,15.0,3000.0,266.793,15,geometric_upper_bound_topographic_occlusion_pending
airport:-60.69215437:2.84116684,1,Aeroporto Atlas Brasil Catanhede,airport,-60.69215437389652,2.841166841733541,82.0,Mapzen Terrain Tiles terrarium z8,15.0,3000.0,266.376,15,geometric_upper_bound_topographic_occlusion_pending
airport:-70.77986450:-8.15781393,0,Aeroporto Tarauacá ,airport,-70.77986449642061,-8.157813928616205,182.0,Mapzen Terrain Tiles terrarium z8,15.0,3000.0,283.634,15,geometric_upper_bound_topographic_occlusion_pending
airport:-61.11720717:1.85076911,0,Aeroporto Caracaraí,airport,-61.117207167666244,1.850769113473502,53.0,Mapzen Terrain Tiles terrarium z8,15.0,3000.0,259.77,12,geometric_upper_bound_topographic_occlusion_pending
airport:-72.77350692:-7.59615358,0,Aeroporto Internacional de Cruzeiro do Sul,airport,-72.77350692299245,-7.596153582510508,200.0,Mapzen Terrain Tiles terrarium z8,15.0,3000.0,286.219,10,geometric_upper_bound_topographic_occlusion_pending
airport:-61.27921594:-5.80949661,0,Aeroporto Manicoré ,airport,-61.27921593502397,-5.809496613660382,40.0,Mapzen Terrain Tiles terrarium z8,15.0,3000.0,256.349,10,geometric_upper_bound_topographic_occlusion_pending
airport:-69.88247389:-6.63907667,0,Aeroporto Eirunepé,airport,-69.8824738888889,-6.639076666666649,122.0,Mapzen Terrain Tiles terrarium z8,15.0,3000.0,274.026,10,geometric_upper_bound_topographic_occlusion_pending
airport:-63.13527643:-4.13153062,0,Aeroporto Coari,airport,-63.13527643234195,-4.131530616337211,44.0,Mapzen Terrain Tiles terrarium z8,15.0,3000.0,257.441,9,geometric_upper_bound_topographic_occlusion_pending
airport:-65.34832361:-4.88553322,0,Aeroporto Urucu-Coari,airport,-65.3483236127109,-4.885533220147624,73.0,Mapzen Terrain Tiles terrarium z8,15.0,3000.0,264.447,8,geometric_upper_bound_topographic_occlusion_pending
airport:-66.90013085:-4.87643764,0,Aeroporto Carauari,airport,-66.90013084818375,-4.876437637648781,83.0,Mapzen Terrain Tiles terrarium z8,15.0,3000.0,266.585,7,geometric_upper_bound_topographic_occlusion_pending
airport:-57.66346952:-19.01404431,0,Aeroporto Corumbá,airport,-57.663469517877694,-19.014044314353423,145.0,Mapzen Terrain Tiles terrarium z8,15.0,3000.0,277.919,7,geometric_upper_bound_topographic_occlusion_pending
airport:-69.93923227:-4.25040680,0,Aeroporto Tabatinga,airport,-69.93923226646449,-4.25040680165655,80.0,Mapzen Terrain Tiles terrarium z8,15.0,3000.0,265.956,6,geometric_upper_bound_topographic_occlusion_pending
airport:-66.99467365:-0.15465992,0,Aeroporto São Gabriel da Cachoeira / São Joaquim,airport,-66.99467365059952,-0.154659923819629,86.0,Mapzen Terrain Tiles terrarium z8,15.0,3000.0,267.205,4,geometric_upper_bound_topographic_occlusion_pending
